date,sales
2016-12-13,9030.84
2016-12-14,13563.649999999992
2016-12-15,6039.620000000003
2016-12-16,4205.089999999998
2016-12-17,1973.54
2016-12-18,2258.22
2016-12-19,12540.900000000003
2016-12-20,2302.4500000000007
2016-12-21,3544.660000000001
2016-12-22,1989.7600000000002
2016-12-23,723.4900000000001
2016-12-24,575.3800000000001
2016-12-25,23.700000000000003
2016-12-26,951.65
2016-12-27,4013.67
2016-12-28,4318.28
2016-12-29,1179.7500000000002
2016-12-30,2989.12
2016-12-31,1589.72
2017-01-01,884.0100000000002
2017-01-02,3530.66
2017-01-03,3571.9599999999996
2017-01-04,3360.28
2017-01-05,2933.86
2017-01-06,2959.6800000000003
2017-01-07,1168.2
2017-01-08,1635.3700000000001
2017-01-09,5442.0099999999975
2017-01-10,6239.72
2017-01-11,6133.2300000000005
2017-01-12,3276.78
2017-01-13,4379.019999999999
2017-01-14,2383.6700000000005
2017-01-15,1463.3200000000002
2017-01-16,7016.329999999998
2017-01-17,5697.179999999998
2017-01-18,5008.990000000002
2017-01-19,9314.129999999996
2017-01-20,2714.69
2017-01-21,1167.4400000000003
2017-01-22,1060.43
2017-01-23,7204.8899999999985
2017-01-24,6393.999999999995
2017-01-25,5760.069999999999
2017-01-26,4217.4800000000005
2017-01-27,2955.8
2017-01-28,1356.1400000000003
2017-01-29,498.39
2017-01-30,9322.770000000002
2017-01-31,8564.14
2017-02-01,5017.1399999999985
2017-02-02,6156.0999999999985
2017-02-03,5389.219999999998
2017-02-04,1293.2900000000004
2017-02-05,1773.6499999999999
2017-02-06,6064.66
2017-02-07,7966.849999999999
2017-02-08,8240.439999999999
2017-02-09,5245.669999999998
2017-02-10,2826.3799999999997
2017-02-11,1641.2100000000005
2017-02-12,2136.6900000000005
2017-02-13,5665.339999999999
2017-02-14,4580.62
2017-02-15,4970.91
2017-02-16,7058.060000000001
2017-02-17,5271.209999999999
2017-02-18,4467.94
2017-02-19,2224.8799999999997
2017-02-20,8185.339999999995
2017-02-21,6821.52
2017-02-22,7110.739999999999
2017-02-23,7013.039999999998
2017-02-24,5079.339999999997
2017-02-25,2273.56
2017-02-26,2600.76
2017-02-27,8789.209999999997
2017-02-28,7407.95
2017-03-01,10742.409999999993
2017-03-02,9158.700000000003
2017-03-03,3551.1200000000003
2017-03-04,1596.0700000000004
2017-03-05,2360.69
2017-03-06,9355.959999999997
2017-03-07,9335.310000000003
2017-03-08,8574.210000000003
2017-03-09,6823.809999999999
2017-03-10,5042.299999999998
2017-03-11,2843.88
2017-03-12,3063.4100000000003
2017-03-13,10952.789999999992
2017-03-14,5796.4299999999985
2017-03-15,13365.520000000006
2017-03-16,6282.97
2017-03-17,5918.249999999998
2017-03-18,983.65
2017-03-19,2165.130000000001
2017-03-20,6937.48
2017-03-21,7998.189999999998
2017-03-22,9729.149999999994
2017-03-23,5435.270000000001
2017-03-24,3822.3199999999997
2017-03-25,2868.3200000000006
2017-03-26,6164.480000000002
2017-03-27,8760.019999999999
2017-03-28,8331.679999999998
2017-03-29,10951.01
2017-03-30,9238.929999999995
2017-03-31,5696.039999999998
2017-04-01,2246.02
2017-04-02,3149.5900000000006
2017-04-03,8730.219999999998
2017-04-04,12247.3
2017-04-05,8652.329999999998
2017-04-06,6619.779999999999
2017-04-07,6211.1399999999985
2017-04-08,1368.4400000000003
2017-04-09,2874.85
2017-04-10,13108.229999999987
2017-04-11,9489.640000000001
2017-04-12,7657.520000000004
2017-04-13,9303.06
2017-04-14,3582.6500000000015
2017-04-15,1130.9800000000005
2017-04-16,999.8100000000001
2017-04-17,5290.369999999998
2017-04-18,8197.250000000002
2017-04-19,9073.629999999997
2017-04-20,8946.429999999998
2017-04-21,4685.87
2017-04-22,1997.19
2017-04-23,2926.520000000001
2017-04-24,10771.599999999997
2017-04-25,14937.42999999999
2017-04-26,10909.339999999995
2017-04-27,6622.0999999999985
2017-04-28,5909.280000000002
2017-04-29,2752.9
2017-04-30,2972.3499999999995
2017-05-01,10685.979999999992
2017-05-02,8901.339999999997
2017-05-03,11588.310000000005
2017-05-04,12048.499999999989
2017-05-05,5249.020000000001
2017-05-06,3864.8900000000003
2017-05-07,3584.590000000001
2017-05-08,13852.379999999997
2017-05-09,12539.429999999993
2017-05-10,8675.730000000005
2017-05-11,10760.259999999998
2017-05-12,7745.67
2017-05-13,2173.29
2017-05-14,3106.8500000000004
2017-05-15,14094.449999999993
2017-05-16,13153.35
2017-05-17,10466.630000000001
2017-05-18,10015.45
2017-05-19,3903.6200000000003
2017-05-20,4219.280000000002
2017-05-21,2909.419999999999
2017-05-22,15345.080000000002
2017-05-23,10751.910000000005
2017-05-24,10316.990000000005
2017-05-25,6515.729999999998
2017-05-26,6036.599999999999
2017-05-27,2473.76
2017-05-28,778.8400000000001
2017-05-29,3483.169999999999
2017-05-30,12770.269999999995
2017-05-31,7210.3700000000035
2017-06-01,9654.46
2017-06-02,7266.4800000000005
2017-06-03,3652.1199999999985
2017-06-04,3847.3100000000004
2017-06-05,11148.01
2017-06-06,8317.430000000002
2017-06-07,7417.119999999999
2017-06-08,8815.63
2017-06-09,8234.130000000003
2017-06-10,1301.6799999999998
2017-06-11,3288.53
2017-06-12,11784.220000000001
2017-06-13,7414.279999999995
2017-06-14,11061.869999999995
2017-06-15,8789.199999999999
2017-06-16,5793.919999999998
2017-06-17,2634.899999999999
2017-06-18,2795.91
2017-06-19,8651.779999999995
2017-06-20,11437.369999999997
2017-06-21,11270.980000000005
2017-06-22,9296.870000000003
2017-06-23,6309.8799999999965
2017-06-24,2068.4399999999996
2017-06-25,3366.0199999999995
2017-06-26,11741.020000000002
2017-06-27,10409.81999999999
2017-06-28,8962.879999999992
2017-06-29,7892.749999999995
2017-06-30,4205.74
2017-07-01,1728.95
2017-07-02,2424.7000000000003
2017-07-03,5011.86
2017-07-04,2154.6000000000004
2017-07-05,9145.029999999999
2017-07-06,7762.289999999997
2017-07-07,4625.189999999999
2017-07-08,3847.6599999999994
2017-07-09,5545.240000000003
2017-07-10,8263.579999999998
2017-07-11,8348.199999999999
2017-07-12,7234.159999999998
2017-07-13,6509.179999999999
2017-07-14,7387.809999999998
2017-07-15,2779.690000000002
2017-07-16,3061.519999999999
2017-07-17,10157.179999999986
2017-07-18,8249.969999999998
2017-07-19,6928.089999999999
2017-07-20,6671.629999999998
2017-07-21,4892.000000000001
2017-07-22,2634.68
2017-07-23,2395.4400000000005
2017-07-24,8198.880000000001
2017-07-25,11372.380000000001
2017-07-26,7312.339999999999
2017-07-27,10565.469999999998
2017-07-28,5952.229999999998
2017-07-29,1748.5500000000002
2017-07-30,3668.8400000000006
2017-07-31,12670.539999999988
2017-08-01,8708.079999999996
2017-08-02,8413.56
2017-08-03,10071.199999999999
2017-08-04,5371.330000000002
2017-08-05,3495.79
2017-08-06,3548.8
2017-08-07,13032.889999999989
2017-08-08,11417.519999999999
2017-08-09,11904.479999999996
2017-08-10,6652.440000000004
2017-08-11,6714.41
2017-08-12,3951.3000000000006
2017-08-13,3714.890000000001
2017-08-14,14393.289999999995
2017-08-15,12422.150000000001
2017-08-16,11510.399999999992
2017-08-17,8257.919999999998
2017-08-18,8957.100000000002
2017-08-19,4334.23
2017-08-20,4473.499999999999
2017-08-21,11989.47
2017-08-22,8115.62
2017-08-23,13812.849999999995
2017-08-24,7508.739999999997
2017-08-25,5874.800000000001
2017-08-26,3891.19
2017-08-27,4170.85
2017-08-28,11661.98
2017-08-29,14959.869999999988
2017-08-30,9051.790000000003
2017-08-31,9672.099999999997
2017-09-01,13613.890000000003
2017-09-02,2255.5299999999997
2017-09-03,3462.7399999999993
2017-09-04,8013.89
2017-09-05,16730.019999999993
2017-09-06,10294.74
2017-09-07,13080.159999999987
2017-09-08,9226.989999999994
2017-09-09,3757.11
2017-09-10,4457.599999999998
2017-09-11,13091.729999999994
2017-09-12,13290.839999999991
2017-09-13,16653.480000000003
2017-09-14,16060.820000000002
2017-09-15,9386.530000000002
2017-09-16,5154.200000000001
2017-09-17,4131.530000000001
2017-09-18,19635.74999999999
2017-09-19,14855.849999999986
2017-09-20,11820.32
2017-09-21,9907.070000000002
2017-09-22,9429.999999999996
2017-09-23,7525.419999999997
2017-09-24,3370.630000000001
2017-09-25,15890.279999999993
2017-09-26,20002.04999999999
2017-09-27,16094.490000000009
2017-09-28,8560.329999999994
2017-09-29,9872.079999999994
2017-09-30,3221.9700000000003
2017-10-01,3193.250000000001
2017-10-02,23481.42999999998
2017-10-03,16971.41
2017-10-04,20008.58999999999
2017-10-05,16124.520000000002
2017-10-06,9260.230000000003
2017-10-07,4307.129999999999
2017-10-08,6892.330000000002
2017-10-09,19384.409999999985
2017-10-10,16472.71999999999
2017-10-11,11577.569999999998
2017-10-12,17820.819999999985
2017-10-13,8876.339999999995
2017-10-14,4694.229999999998
2017-10-15,4598.000000000001
2017-10-16,18347.56
2017-10-17,19888.329999999994
2017-10-18,14522.929999999995
2017-10-19,11548.769999999995
2017-10-20,8800.49
2017-10-21,2885.3199999999993
2017-10-22,2073.23
2017-10-23,16428.769999999993
2017-10-24,13657.009999999995
2017-10-25,15056.889999999992
2017-10-26,10188.240000000002
2017-10-27,6867.829999999999
2017-10-28,1851.13
2017-10-29,4845.399999999999
2017-10-30,17798.139999999996
2017-10-31,10211.459999999995
2017-11-01,14250.529999999999
2017-11-02,11583.039999999995
2017-11-03,10146.67
2017-11-04,3923.2400000000002
2017-11-05,2153.5800000000004
2017-11-06,17815.85000000001
2017-11-07,15158.119999999994
2017-11-08,12064.949999999988
2017-11-09,11037.759999999995
2017-11-10,13550.119999999997
2017-11-11,3172.669999999999
2017-11-12,2273.5500000000006
2017-11-13,22558.120000000024
2017-11-14,13202.679999999998
2017-11-15,13030.319999999994
2017-11-16,18108.51
2017-11-17,9642.749999999996
2017-11-18,2603.91
2017-11-19,3842.83
2017-11-20,19453.829999999998
2017-11-21,17096.280000000002
2017-11-22,5906.869999999998
2017-11-23,2762.2600000000007
2017-11-24,7196.920000000001
2017-11-25,9045.350000000002
2017-11-26,6066.9400000000005
2017-11-27,21559.18000000002
2017-11-28,21828.860000000008
2017-11-29,10408.019999999995
2017-11-30,11965.649999999992
2017-12-01,11787.069999999994
2017-12-02,5535.85
2017-12-03,5172.020000000001
2017-12-04,27301.950000000015
2017-12-05,22658.869999999988
2017-12-06,17268.019999999993
2017-12-07,14729.769999999991
2017-12-08,13741.43
2017-12-09,5262.210000000001
2017-12-10,5626.0199999999995
2017-12-11,22144.269999999993
2017-12-12,16100.05
2017-12-13,22838.199999999997
2017-12-14,16028.339999999995
2017-12-15,16107.030000000002
2017-12-16,6504.359999999998
2017-12-17,4757.129999999999
2017-12-18,26477.59000000003
2017-12-19,13848.769999999997
2017-12-20,8844.970000000001
2017-12-21,8261.179999999997
2017-12-22,3495.72
2017-12-23,1136.05
2017-12-24,554.4499999999999
2017-12-25,1188.0400000000004
2017-12-26,7100.350000000003
2017-12-27,11379.350000000002
2017-12-28,8924.199999999995
2017-12-29,6774.04
2017-12-30,2597.48
2017-12-31,1557.3600000000004
2018-01-01,2034.31
2018-01-02,9603.270000000002
2018-01-03,8686.169999999995
2018-01-04,8077.159999999996
2018-01-05,6834.93
2018-01-06,3397.5899999999997
2018-01-07,4557.01
2018-01-08,12149.439999999999
2018-01-09,12475.550000000003
2018-01-10,12771.769999999995
2018-01-11,7812.4599999999955
2018-01-12,6393.729999999998
2018-01-13,3032.159999999999
2018-01-14,2755.4
2018-01-15,8304.710000000003
2018-01-16,10670.199999999993
2018-01-17,8923.499999999993
2018-01-18,5995.47
2018-01-19,8195.479999999998
2018-01-20,4018.2700000000004
2018-01-21,3317.6599999999994
2018-01-22,15807.069999999996
2018-01-23,10405.439999999997
2018-01-24,8905.439999999997
2018-01-25,10298.300000000001
2018-01-26,7153.429999999999
2018-01-27,3396.71
2018-01-28,3298.0900000000006
2018-01-29,12869.019999999995
2018-01-30,10171.609999999993
2018-01-31,8165.719999999998
2018-02-01,8248.15
2018-02-02,11119.23
2018-02-03,2886.07
2018-02-04,3193.079999999999
2018-02-05,13837.07
2018-02-06,14288.709999999994
2018-02-07,13002.669999999996
2018-02-08,10854.479999999994
2018-02-09,5891.379999999999
2018-02-10,1767.5100000000002
2018-02-11,4412.58
2018-02-12,12214.17
2018-02-13,10500.990000000002
2018-02-14,8759.249999999996
2018-02-15,7556.339999999996
2018-02-16,8153.129999999999
2018-02-17,4292.590000000002
2018-02-18,3916.050000000001
2018-02-19,13308.500000000002
2018-02-20,11635.709999999997
2018-02-21,12223.31999999999
2018-02-22,10592.659999999996
2018-02-23,9415.07
2018-02-24,4958.179999999999
2018-02-25,3974.09
2018-02-26,16267.619999999977
2018-02-27,20114.64999999999
2018-02-28,12430.309999999994
2018-03-01,11370.849999999995
2018-03-02,12918.62999999999
2018-03-03,3916.519999999999
2018-03-04,5309.1900000000005
2018-03-05,23902.590000000007
2018-03-06,14778.419999999986
2018-03-07,12364.77999999999
2018-03-08,13038.369999999999
2018-03-09,9014.97
2018-03-10,4823.24
2018-03-11,4910.319999999998
2018-03-12,14705.19999999999
2018-03-13,17541.89
2018-03-14,8880.049999999996
2018-03-15,17380.659999999996
2018-03-16,9448.380000000001
2018-03-17,5362.889999999999
2018-03-18,5708.069999999998
2018-03-19,18334.76999999997
2018-03-20,15313.88999999999
2018-03-21,13121.06
2018-03-22,9046.75
2018-03-23,10029.919999999993
2018-03-24,2732.170000000001
2018-03-25,5143.950000000003
2018-03-26,21024.040000000008
2018-03-27,13729.519999999991
2018-03-28,15181.010000000004
2018-03-29,14955.22999999999
2018-03-30,7431.049999999999
2018-03-31,4336.749999999999
2018-04-01,4799.220000000001
2018-04-02,14256.439999999999
2018-04-03,12155.04999999999
2018-04-04,16667.819999999992
2018-04-05,13040.379999999997
2018-04-06,8489.59
2018-04-07,3068.8600000000015
2018-04-08,7290.579999999999
2018-04-09,17137.98999999999
2018-04-10,13857.329999999994
2018-04-11,16225.779999999993
2018-04-12,14106.499999999996
2018-04-13,11509.389999999994
2018-04-14,6126.749999999998
2018-04-15,4645.719999999998
2018-04-16,23858.01999999999
2018-04-17,14605.16000000001
2018-04-18,16765.86
2018-04-19,11593.129999999992
2018-04-20,16666.309999999998
2018-04-21,4703.32
2018-04-22,6969.590000000001
2018-04-23,25033.580000000024
2018-04-24,20436.91
2018-04-25,13877.80000000001
2018-04-26,16705.819999999996
2018-04-27,12649.91
2018-04-28,3811.7199999999993
2018-04-29,4754.400000000001
2018-04-30,19201.249999999996
2018-05-01,20769.610000000004
2018-05-02,15449.01999999999
2018-05-03,19256.429999999993
2018-05-04,14542.739999999994
2018-05-05,7004.759999999997
2018-05-06,6669.890000000001
2018-05-07,25009.920000000006
2018-05-08,24209.72000000001
2018-05-09,16743.179999999982
2018-05-10,16790.84999999998
2018-05-11,12215.089999999997
2018-05-12,4020.699999999999
2018-05-13,5216.3399999999965
2018-05-14,22483.60000000002
2018-05-15,17271.34999999999
2018-05-16,21178.879999999994
2018-05-17,19902.810000000012
2018-05-18,15051.759999999993
2018-05-19,3850.49
2018-05-20,3407.5499999999997
2018-05-21,21300.390000000003
2018-05-22,16919.33999999999
2018-05-23,14840.679999999995
2018-05-24,11234.600000000002
2018-05-25,8996.37
2018-05-26,3250.84
2018-05-27,6677.939999999997
2018-05-28,8392.529999999995
2018-05-29,20612.82000000001
2018-05-30,14224.04999999999
2018-05-31,13612.149999999987
2018-06-01,11651.799999999996
2018-06-02,4898.329999999998
2018-06-03,6461.170000000002
2018-06-04,22927.400000000012
2018-06-05,21873.640000000007
2018-06-06,15376.009999999993
2018-06-07,13975.679999999998
2018-06-08,9977.250000000007
2018-06-09,6328.799999999997
2018-06-10,6891.399999999995
2018-06-11,20160.779999999988
2018-06-12,16118.269999999997
2018-06-13,15473.569999999983
2018-06-14,13114.679999999988
2018-06-15,11672.699999999999
2018-06-16,3805.730000000001
2018-06-17,5704.31
2018-06-18,18747.37
2018-06-19,13129.920000000004
2018-06-20,17396.029999999984
2018-06-21,11196.079999999993
2018-06-22,10028.089999999995
2018-06-23,3645.1800000000007
2018-06-24,4837.51
2018-06-25,16317.019999999993
2018-06-26,16263.069999999989
2018-06-27,17051.57000000001
2018-06-28,12967.699999999992
2018-06-29,13272.079999999996
2018-06-30,3821.75
2018-07-01,3850.739999999999
2018-07-02,18420.129999999994
2018-07-03,10712.179999999993
2018-07-04,4706.670000000001
2018-07-05,13440.879999999983
2018-07-06,8656.07
2018-07-07,2366.85
2018-07-08,6091.899999999999
2018-07-09,15226.370000000003
2018-07-10,18377.909999999996
2018-07-11,12229.860000000002
2018-07-12,12561.499999999998
2018-07-13,7706.869999999995
2018-07-14,4754.599999999999
2018-07-15,5076.500000000001
2018-07-16,17796.249999999993
2018-07-17,14875.260000000004
2018-07-18,12371.259999999998
2018-07-19,9605.670000000004
2018-07-20,9803.690000000004
2018-07-21,4416.799999999999
2018-07-22,5437.709999999997
2018-07-23,18021.06000000002
2018-07-24,14917.800000000005
2018-07-25,18604.769999999997
2018-07-26,12914.379999999997
2018-07-27,7664.909999999998
2018-07-28,4692.499999999998
2018-07-29,5860.369999999995
2018-07-30,17798.289999999997
2018-07-31,19462.449999999997
2018-08-01,18040.76
2018-08-02,14683.599999999991
2018-08-03,10468.599999999999
2018-08-04,7727.799999999997
2018-08-05,6399.840000000002
2018-08-06,16267.279999999986
2018-08-07,17755.13999999999
2018-08-08,12566.539999999997
2018-08-09,12149.699999999993
2018-08-10,12144.569999999998
2018-08-11,3969.72
2018-08-12,4835.3499999999985
2018-08-13,19739.37
2018-08-14,17305.070000000003
2018-08-15,20223.440000000002
2018-08-16,18369.930000000004
2018-08-17,11201.369999999995
2018-08-18,4972.899999999999
2018-08-19,6111.459999999997
2018-08-20,25705.860000000008
2018-08-21,19526.549999999992
2018-08-22,17661.540000000015
2018-08-23,16161.930000000002
2018-08-24,16556.26999999998
2018-08-25,5032.629999999998
2018-08-26,5913.109999999997
2018-08-27,24965.36
2018-08-28,21340.40999999999
2018-08-29,15506.020000000008
2018-08-30,16230.399999999989
2018-08-31,19026.59000000001
2018-09-01,6747.949999999998
2018-09-02,4808.839999999997
2018-09-03,8857.129999999996
2018-09-04,29493.909999999974
2018-09-05,19668.519999999997
2018-09-06,23130.96999999999
2018-09-07,13569.889999999998
2018-09-08,7877.959999999997
2018-09-09,6228.690000000004
2018-09-10,26032.090000000004
2018-09-11,24535.30000000001
2018-09-12,13766.890000000001
2018-09-13,17814.28999999998
2018-09-14,12540.99999999999
2018-09-15,8244.419999999998
2018-09-16,10428.070000000005
2018-09-17,28874.580000000024
2018-09-18,19860.880000000005
2018-09-19,20011.180000000004
2018-09-20,17500.73
2018-09-21,12807.060000000007
2018-09-22,6009.339999999998
2018-09-23,7086.81
2018-09-24,22122.139999999985
2018-09-25,21011.93000000001
2018-09-26,27813.569999999974
2018-09-27,19851.76
2018-09-28,14086.909999999996
2018-09-29,7610.769999999999
2018-09-30,5473.399999999998
2018-10-01,30478.630000000005
2018-10-02,31649.00000000004
2018-10-03,27533.970000000023
2018-10-04,17845.919999999987
2018-10-05,18283.949999999983
2018-10-06,6472.519999999997
2018-10-07,11116.000000000005
2018-10-08,28688.570000000003
2018-10-09,27096.510000000017
2018-10-10,25555.59999999999
2018-10-11,22749.839999999993
2018-10-12,17933.79
2018-10-13,7961.000000000004
2018-10-14,8936.519999999999
2018-10-15,28414.530000000006
2018-10-16,28018.36999999999
2018-10-18,41838.70000000007
2018-10-19,10673.95
2018-10-20,5486.459999999997
2018-10-21,8048.910000000003
2018-10-22,30150.310000000005
2018-10-23,28213.660000000003
2018-10-24,21502.78000000001
2018-10-25,13536.729999999992
2018-10-26,16043.259999999991
2018-10-27,4521.260000000002
2018-10-28,5993.89
2018-10-29,25445.02999999999
2018-10-30,13837.020000000004
2018-10-31,19546.87000000001
2018-11-01,25005.560000000005
2018-11-02,16363.729999999994
2018-11-03,10254.31
2018-11-04,7936.099999999998
2018-11-05,34340.10999999997
2018-11-06,29955.560000000016
2018-11-07,25009.270000000008
2018-11-08,24035.679999999986
2018-11-09,13402.979999999992
2018-11-10,8996.789999999999
2018-11-11,9225.340000000004
2018-11-12,34390.68000000006
2018-11-13,28588.430000000004
2018-11-14,28011.58000000001
2018-11-15,21297.649999999983
2018-11-16,20255.430000000004
2018-11-17,8568.849999999999
2018-11-18,5241.690000000003
2018-11-19,31238.560000000005
2018-11-20,21552.440000000002
2018-11-21,16818.799999999996
2018-11-22,5044.29
2018-11-23,9860.399999999996
2018-11-24,7368.199999999999
2018-11-25,10307.639999999998
2018-11-26,90431.45000000011
2018-11-27,57806.34000000001
2018-11-28,18259.83
2018-11-29,16007.229999999998
2018-11-30,14827.449999999997
2018-12-01,7947.0999999999985
2018-12-02,8937.909999999996
2018-12-03,31077.27000000003
2018-12-04,31504.84
2018-12-05,24426.870000000003
2018-12-06,28742.920000000002
2018-12-07,24148.28999999998
2018-12-08,9306.719999999998
2018-12-09,12118.469999999998
2018-12-10,38022.26000000002
2018-12-11,34125.02000000002
2018-12-12,26836.54000000003
2018-12-13,24787.28000000001
2018-12-14,18619.52
2018-12-15,10311.549999999994
2018-12-16,10670.229999999996
2018-12-17,34466.97000000002
2018-12-18,23994.580000000005
2018-12-19,28812.36
2018-12-20,11112.130000000001
2018-12-21,6557.700000000001
2018-12-22,2845.6300000000006
2018-12-23,2973.07
2018-12-24,4345.169999999999
2018-12-25,1007.1800000000001
2018-12-26,12491.539999999997
2018-12-27,11873.289999999992
2018-12-28,11210.069999999998
2018-12-29,6802.410000000001
2018-12-30,6593.1500000000015
2018-12-31,8268.579999999998
2019-01-01,7892.220000000001
2019-01-02,16173.129999999996
2019-01-03,16406.979999999996
2019-01-04,11413.929999999995
2019-01-05,5291.929999999999
2019-01-06,5726.819999999999
2019-01-07,20846.649999999987
2019-01-08,17000.07
2019-01-09,17291.670000000002
2019-01-10,19061.879999999997
2019-01-11,12910.300000000007
2019-01-12,6106.859999999996
2019-01-13,5590.069999999998
2019-01-14,27691.969999999998
2019-01-15,18434.390000000007
2019-01-16,25049.440000000002
2019-01-17,23756.44
2019-01-18,12417.640000000003
2019-01-19,6227.14
2019-01-20,5691.199999999997
2019-01-21,17572.42
2019-01-22,21379.389999999992
2019-01-23,19773.699999999993
2019-01-24,19205.320000000007
2019-01-25,15328.37
2019-01-26,7300.009999999998
2019-01-27,5724.749999999998
2019-01-28,25160.750000000025
2019-01-29,19932.000000000036
2019-01-30,23193.019999999982
2019-01-31,20856.729999999985
2019-02-01,16875.270000000004
2019-02-02,8444.500000000002
2019-02-03,7024.999999999998
2019-02-04,21053.620000000006
2019-02-05,34155.420000000006
2019-02-06,35404.12000000001
2019-02-07,26269.130000000026
2019-02-08,14844.169999999996
2019-02-09,10717.199999999995
2019-02-10,8209.749999999998
2019-02-11,52191.830000000096
2019-02-12,29003.770000000033
2019-02-13,23548.75000000001
2019-02-14,26178.12000000003
2019-02-15,19821.199999999993
2019-02-16,7048.739999999998
2019-02-17,10634.19
2019-02-18,20979.839999999986
2019-02-19,24182.81999999999
2019-02-20,26397.890000000014
2019-02-21,21555.75999999998
2019-02-22,23036.67999999999
2019-02-23,13995.179999999997
2019-02-24,8071.739999999999
2019-02-25,38207.79
2019-02-26,26684.190000000002
2019-02-27,24602.340000000007
2019-02-28,22705.86
2019-03-01,22720.16000000002
2019-03-02,9500.809999999992
2019-03-03,9550.919999999996
2019-03-04,36948.52000000004
2019-03-05,28050.320000000007
2019-03-06,30329.919999999995
2019-03-07,27045.489999999998
2019-03-08,16941.909999999993
2019-03-09,7519.439999999999
2019-03-10,10898.72
2019-03-11,31892.989999999994
2019-03-12,31112.26
2019-03-13,27929.98999999999
2019-03-14,20888.08999999998
2019-03-15,16963.33999999999
2019-03-16,9005.63
2019-03-17,8281.849999999999
2019-03-18,33839.01000000003
2019-03-19,29214.310000000034
2019-03-20,25695.479999999974
2019-03-21,19083.259999999984
2019-03-22,19364.240000000005
2019-03-23,7767.269999999999
2019-03-24,10736.13999999999
2019-03-25,24991.659999999993
2019-03-26,23086.649999999998
2019-03-27,19101.54
2019-03-28,16004.819999999996
2019-03-29,15992.259999999986
2019-03-30,6577.459999999996
2019-03-31,8441.59
2019-04-01,22880.019999999964
2019-04-02,19365.90000000001
2019-04-03,18824.679999999997
2019-04-04,18812.270000000004
2019-04-05,15334.429999999991
2019-04-06,7870.649999999995
2019-04-07,7874.030000000001
2019-04-08,27007.139999999996
2019-04-09,17705.110000000015
2019-04-10,16599.350000000002
2019-04-11,15242.309999999994
2019-04-12,13529.839999999998
2019-04-13,6666.190000000002
2019-04-14,7143.610000000001
2019-04-15,20093.34000000001
2019-04-16,20684.579999999998
2019-04-17,21746.759999999977
2019-04-18,14930.860000000011
2019-04-19,12930.25000000001
2019-04-20,8838.709999999995
2019-04-21,4512.990000000001
2019-04-22,23520.659999999993
2019-04-23,19033.310000000005
2019-04-24,18486.85
2019-04-25,18489.000000000007
2019-04-26,13873.09
2019-04-27,7902.3099999999995
2019-04-28,10924.179999999997
2019-04-29,23234.86999999999
2019-04-30,19693.39000000002
2019-05-01,25265.53000000002
2019-05-02,22091.54000000002
2019-05-03,22920.729999999996
2019-05-04,10577.020000000002
2019-05-05,10029.929999999995
2019-05-06,33812.93000000004
2019-05-07,32910.00000000001
2019-05-08,24216.619999999984
2019-05-09,18815.120000000014
2019-05-10,15318.629999999996
2019-05-11,9740.34
2019-05-12,4618.69
2019-05-13,35044.80000000001
2019-05-14,24753.469999999994
2019-05-15,25040.309999999976
2019-05-16,20153.059999999994
2019-05-17,17077.12
2019-05-18,7164.020000000001
2019-05-19,10168.150000000005
2019-05-20,41003.360000000015
2019-05-21,28577.859999999975
2019-05-22,21225.72
2019-05-23,17255.499999999996
2019-05-24,13737.379999999997
2019-05-25,5526.38
2019-05-26,6744.079999999998
2019-05-27,6460.64
2019-05-28,28800.920000000016
2019-05-29,23931.030000000013
2019-05-30,22722.869999999988
2019-05-31,13612.11999999998
2019-06-01,5122.610000000002
2019-06-02,10111.749999999993
2019-06-03,30478.600000000024
2019-06-04,22533.469999999994
2019-06-05,50509.280000000006
2019-06-06,30321.41000000003
2019-06-07,9782.859999999997
2019-06-08,4609.339999999998
2019-06-09,7622.45
2019-06-10,23236.820000000014
2019-06-11,21310.800000000007
2019-06-12,17107.969999999994
2019-06-13,17617.60999999999
2019-06-14,13115.959999999995
2019-06-15,6119.23
2019-06-16,6550.899999999999
2019-06-17,27786.089999999997
2019-06-18,19936.36999999999
2019-06-19,16186.589999999997
2019-06-20,15908.179999999991
2019-06-21,10635.51
2019-06-22,8801.539999999997
2019-06-23,7038.129999999998
2019-06-24,23280.319999999996
2019-06-25,21901.269999999997
2019-06-26,21303.56
2019-06-27,16204.709999999995
2019-06-28,10102.26999999999
2019-06-29,6602.9699999999975
2019-06-30,5109.950000000001
2019-07-01,22023.779999999995
2019-07-02,15137.659999999985
2019-07-03,15445.47999999999
2019-07-04,5129.659999999999
2019-07-05,9366.67
2019-07-06,6238.279999999999
2019-07-07,5265.699999999996
2019-07-08,19729.989999999983
2019-07-09,22316.989999999998
2019-07-10,17003.319999999992
2019-07-11,17058.68999999999
2019-07-12,10755.62
2019-07-13,5794.850000000002
2019-07-14,6451.149999999998
2019-07-15,25872.53999999998
2019-07-16,18011.41999999999
2019-07-17,15270.349999999999
2019-07-18,13531.589999999995
2019-07-19,14221.460000000006
2019-07-20,5399.3099999999995
2019-07-21,7174.529999999998
2019-07-22,22637.579999999994
2019-07-23,22648.169999999984
2019-07-24,24396.850000000006
2019-07-25,17511.219999999994
2019-07-26,12026.920000000004
2019-07-27,6309.86
2019-07-28,4532.329999999996
2019-07-29,18279.329999999976
2019-07-30,24201.599999999995
2019-07-31,13978.460000000003
2019-08-01,18003.76999999999
2019-08-02,11742.639999999998
2019-08-03,8532.249999999996
2019-08-04,5655.719999999999
2019-08-05,20998.899999999987
2019-08-06,19356.930000000008
2019-08-07,15301.789999999979
2019-08-08,19877.910000000003
2019-08-09,13824.679999999995
2019-08-10,7690.110000000003
2019-08-11,6366.079999999998
2019-08-12,15898.449999999999
2019-08-13,19000.359999999993
2019-08-14,19560.39999999999
2019-08-15,11692.44
2019-08-16,14643.309999999992
2019-08-17,9201.49
2019-08-18,8434.339999999995
2019-08-19,26749.590000000033
2019-08-20,20923.579999999984
2019-08-21,17145.09
2019-08-22,16037.699999999997
2019-08-23,14836.890000000016
2019-08-24,10084.399999999996
2019-08-25,9116.469999999996
2019-08-26,33731.080000000045
2019-08-27,23073.100000000028
2019-08-28,24462.759999999987
2019-08-29,21781.629999999986
2019-08-30,15260.529999999997
2019-08-31,10516.499999999993
2019-09-01,8733.149999999996
2019-09-02,12028.709999999997
2019-09-03,24366.830000000013
2019-09-04,28975.88000000001
2019-09-05,16165.419999999995
2019-09-06,12591.21
2019-09-07,7263.229999999997
2019-09-08,7902.849999999997
2019-09-09,31210.73
2019-09-10,27875.460000000014
2019-09-11,26340.48999999996
2019-09-12,37530.91000000002
2019-09-13,15601.719999999992
2019-09-14,8908.729999999996
2019-09-15,7952.970000000004
2019-09-16,37791.53000000003
2019-09-17,23475.43
2019-09-18,23728.879999999994
2019-09-19,18040.649999999998
2019-09-20,18793.120000000003
2019-09-21,7052.099999999994
2019-09-22,10821.540000000003
2019-09-23,24107.820000000003
2019-09-24,28930.39000000003
2019-09-25,22328.97000000001
2019-09-26,20083.53
2019-09-27,18154.129999999997
2019-09-28,6297.600000000002
2019-09-29,8333.179999999997
2019-09-30,37030.78999999999
2019-10-01,28804.229999999996
2019-10-02,29070.320000000003
2019-10-03,24969.9
2019-10-04,21778.51000000002
2019-10-05,11732.359999999993
2019-10-06,8068.389999999997
2019-10-07,35402.24999999998
2019-10-08,32266.100000000017
2019-10-09,22502.559999999998
2019-10-10,24115.329999999998
2019-10-11,17563.549999999996
2019-10-12,9494.560000000003
2019-10-13,9613.4
2019-10-14,34675.67000000002
2019-10-15,27758.890000000018
2019-10-16,33202.210000000014
2019-10-17,24157.609999999986
2019-10-18,15505.500000000005
2019-10-19,12718.76
2019-10-20,9786.96
2019-10-21,30205.020000000008
2019-10-22,34919.51000000003
2019-10-23,24735.120000000006
2019-10-24,22080.709999999992
2019-10-25,16695.81999999999
2019-10-26,11908.919999999998
2019-10-27,7715.439999999996
2019-10-28,30733.56000000002
2019-10-29,29666.019999999997
2019-10-30,22648.840000000004
2019-10-31,18008.39
2019-11-01,15793.039999999997
2019-11-02,7856.160000000002
2019-11-03,10258.629999999997
2019-11-04,28953.690000000006
2019-11-05,24837.95999999999
2019-11-06,22384.35000000001
2019-11-07,22581.339999999993
2019-11-08,17448.989999999994
2019-11-09,7349.5700000000015
2019-11-10,10647.359999999993
2019-11-11,31367.41999999999
2019-11-12,24320.000000000007
2019-11-13,29858.20000000002
2019-11-14,19757.27
2019-11-15,21580.599999999988
2019-11-16,12103.060000000009
2019-11-17,11985.389999999998
2019-11-18,27478.99000000001
2019-11-19,27912.62
2019-11-20,17833.95
2019-11-21,24733.759999999987
2019-11-22,17490.31
2019-11-23,8329.33
2019-11-24,5936.49
2019-11-25,28397.44999999999
2019-11-26,22795.079999999998
2019-11-27,22083.82
2019-11-28,6285.5599999999995
2019-11-29,31554.46000000002
2019-11-30,23385.569999999992
2019-12-01,15588.9
2019-12-02,58777.41000000002
2019-12-03,51437.51000000007
2019-12-04,13025.39
2019-12-05,19208.719999999976
2019-12-06,16301.410000000003
2019-12-07,8942.230000000005
2019-12-08,10420.670000000004
2019-12-09,31479.719999999998
2019-12-10,28069.690000000013
2019-12-11,29282.180000000008
2019-12-12,31792.759999999995
2019-12-13,4589.789999999999
